trade_date,ticker,entry_time,direction,entry_price,sl,target,sl_pct,tp_pct,rr_ratio,exit_price,exit_reason,qty,gross_pnl,brokerage,net_pnl,confidence,win
2026-03-18,AFIL.BE.NSE,2026-03-18 09:34:59,LONG,8.35,8.18,8.85,1.977,5.931,3.0,8.85,TARGET,5988,2965.71,30.89,2934.82,0.6281,True
2026-03-18,ZEEMEDIA.BE.NSE,2026-03-18 09:34:59,SHORT,7.33,7.4,7.11,0.979,2.937,3.0,7.4,SL,6821,-489.51,30.15,-519.66,0.63,False
2026-03-18,KAVDEFENCE.BE.NSE,2026-03-18 09:36:59,LONG,58.0,57.06,60.83,1.629,4.887,3.0,60.83,TARGET,862,2443.44,30.73,2412.71,0.6262,True
2026-03-18,ZEEMEDIA.BE.NSE,2026-03-18 09:36:59,SHORT,7.33,7.4,7.13,0.909,2.727,3.0,7.4,SL,6821,-454.55,30.14,-484.68,0.6415,False
2026-03-18,KAVDEFENCE.BE.NSE,2026-03-18 09:37:59,LONG,57.0,56.02,59.95,1.727,5.182,3.0,56.02,SL,877,-863.43,29.73,-893.16,0.7893,False
2026-03-18,RELINFRA.BE.NSE,2026-03-18 09:37:59,SHORT,80.2,80.84,78.27,0.804,2.412,3.0,80.84,SL,623,-401.77,30.1,-431.87,0.7347,False
2026-03-18,ZEEMEDIA.BE.NSE,2026-03-18 09:37:59,SHORT,7.33,7.39,7.14,0.844,2.533,3.0,7.39,SL,6821,-422.08,30.13,-452.21,0.6128,False
2026-03-18,KAVDEFENCE.BE.NSE,2026-03-18 09:38:59,SHORT,57.99,59.01,54.93,1.759,5.278,3.0,59.01,SL,862,-879.48,30.26,-909.73,0.6544,False
2026-03-18,RELINFRA.BE.NSE,2026-03-18 09:42:59,SHORT,80.9,81.58,78.86,0.84,2.52,3.0,81.58,SL,618,-420.0,30.12,-450.12,0.6037,False
2026-03-18,SADBHAV.BE.NSE,2026-03-18 09:48:59,LONG,8.22,8.1,8.57,1.407,4.221,3.0,8.57,TARGET,6082,2110.32,30.63,2079.69,0.605,True
2026-03-18,AFIL.BE.NSE,2026-03-18 09:51:59,LONG,8.5,8.41,8.78,1.092,3.275,3.0,8.78,TARGET,5882,1637.4,30.49,1606.91,0.6257,True
2026-03-18,BGRENERGY.BE.NSE,2026-03-18 09:52:59,LONG,303.1,301.45,308.05,0.545,1.634,3.0,301.45,SL,164,-270.76,29.74,-300.5,0.6363,False
2026-03-18,EMBDL.BE.NSE,2026-03-18 09:53:59,SHORT,54.0,54.35,52.95,0.646,1.938,3.0,54.35,SL,925,-322.6,30.07,-352.67,0.7165,False
2026-03-18,AXITA.BE.NSE,2026-03-18 09:54:59,LONG,8.72,8.65,8.94,0.848,2.545,3.0,8.94,TARGET,5733,1272.24,30.38,1241.87,0.7365,True
2026-03-18,MCL.BE.NSE,2026-03-18 09:54:59,SHORT,63.3,63.76,61.92,0.725,2.175,3.0,63.76,SL,789,-362.06,30.07,-392.13,0.752,False
2026-03-18,EMBDL.BE.NSE,2026-03-18 09:55:59,LONG,53.0,52.48,54.56,0.983,2.95,3.0,54.56,TARGET,943,1474.26,30.43,1443.83,0.6214,True
2026-03-18,EMBDL.BE.NSE,2026-03-18 09:57:59,SHORT,53.78,54.38,51.98,1.114,3.342,3.0,51.98,TARGET,929,1669.5,29.48,1640.02,0.7294,True
2026-03-18,AFIL.BE.NSE,2026-03-18 09:58:59,SHORT,8.88,8.98,8.59,1.105,3.316,3.0,8.98,SL,5630,-552.64,30.16,-582.8,0.8515,False
2026-03-18,AFIL.BE.NSE,2026-03-18 09:59:59,SHORT,8.85,8.94,8.57,1.066,3.199,3.0,8.94,SL,5649,-533.05,30.16,-563.21,0.7794,False
2026-03-18,GOYALALUM.BE.NSE,2026-03-18 09:59:59,LONG,6.15,6.09,6.33,0.976,2.929,3.0,6.33,TARGET,8130,1464.6,30.44,1434.16,0.6019,True
2026-03-18,MANAKALUCO.BE.NSE,2026-03-18 09:59:59,LONG,25.01,24.59,26.27,1.678,5.035,3.0,26.27,TARGET,1999,2517.46,30.75,2486.7,0.7238,True
2026-03-18,AXITA.BE.NSE,2026-03-18 10:00:59,LONG,8.73,8.66,8.95,0.856,2.569,3.0,8.95,TARGET,5727,1284.61,30.38,1254.22,0.6352,True
2026-03-18,MCL.BE.NSE,2026-03-18 10:00:59,LONG,62.2,61.74,63.58,0.738,2.214,3.0,63.58,TARGET,803,1105.78,30.3,1075.48,0.6492,True
2026-03-18,AFIL.BE.NSE,2026-03-18 10:01:59,SHORT,8.8,8.91,8.48,1.216,3.648,3.0,8.91,SL,5681,-607.87,30.18,-638.05,0.6732,False
2026-03-18,EMBDL.BE.NSE,2026-03-18 10:01:59,SHORT,54.0,54.75,51.75,1.387,4.161,3.0,54.75,SL,925,-692.84,30.18,-723.02,0.6428,False
2026-03-18,AFIL.BE.NSE,2026-03-18 10:02:59,LONG,8.62,8.5,8.98,1.376,4.129,3.0,8.98,TARGET,5800,2064.4,30.62,2033.79,0.6759,True
2026-03-18,MCL.BE.NSE,2026-03-18 10:02:59,LONG,62.0,61.43,63.72,0.923,2.769,3.0,63.72,TARGET,806,1383.56,30.4,1353.16,0.6897,True
2026-03-18,AFIL.BE.NSE,2026-03-18 10:03:59,SHORT,8.8,8.93,8.41,1.471,4.413,3.0,8.93,SL,5681,-735.43,30.22,-765.65,0.7499,False
2026-03-18,BGRENERGY.BE.NSE,2026-03-18 10:03:59,SHORT,305.9,307.96,299.71,0.675,2.025,3.0,299.71,TARGET,163,1009.45,29.61,979.84,0.6278,True
2026-03-18,AFIL.BE.NSE,2026-03-18 10:04:59,LONG,8.65,8.51,9.06,1.575,4.726,3.0,9.06,TARGET,5780,2363.09,30.71,2332.38,0.6386,True
2026-03-18,MCL.BE.NSE,2026-03-18 10:04:59,LONG,61.51,60.96,63.15,0.887,2.662,3.0,63.15,TARGET,812,1329.74,30.37,1299.37,0.6632,True
2026-03-18,SADBHAV.BE.NSE,2026-03-18 10:04:59,LONG,8.22,8.13,8.49,1.109,3.328,3.0,8.49,TARGET,6082,1663.69,30.5,1633.19,0.6289,True
2026-03-18,MCL.BE.NSE,2026-03-18 10:05:59,SHORT,62.95,63.61,60.97,1.05,3.151,3.0,63.61,SL,794,-524.97,30.15,-555.11,0.8244,False
2026-03-18,MCL.BE.NSE,2026-03-18 10:06:59,LONG,61.51,60.74,63.81,1.249,3.747,3.0,63.81,TARGET,812,1871.4,30.53,1840.87,0.7118,True
2026-03-18,MCL.BE.NSE,2026-03-18 10:07:59,SHORT,62.99,63.86,60.37,1.384,4.153,3.0,63.86,SL,793,-691.43,30.18,-721.61,0.7748,False
2026-03-18,SADBHAV.BE.NSE,2026-03-18 10:07:59,LONG,8.22,8.14,8.47,1.03,3.09,3.0,8.47,TARGET,6082,1544.85,30.46,1514.39,0.6176,True
2026-03-18,AAKASH.BE.NSE,2026-03-18 10:08:59,SHORT,8.34,8.36,8.27,0.273,0.82,3.0,8.36,SL,5995,-136.59,30.04,-166.63,0.6524,False
2026-03-18,SADBHAV.BE.NSE,2026-03-18 10:08:59,LONG,8.22,8.13,8.5,1.126,3.378,3.0,8.5,TARGET,6082,1688.65,30.5,1658.14,0.7691,True
2026-03-18,MCL.BE.NSE,2026-03-18 10:09:59,SHORT,62.99,63.8,60.56,1.285,3.856,3.0,63.8,SL,793,-642.05,30.16,-672.21,0.6536,False
2026-03-18,MCL.BE.NSE,2026-03-18 10:11:59,SHORT,62.99,63.74,60.73,1.194,3.581,3.0,63.74,SL,793,-596.19,30.15,-626.34,0.6073,False
2026-03-18,EMBDL.BE.NSE,2026-03-18 10:12:59,LONG,52.0,51.32,54.04,1.307,3.92,3.0,54.04,TARGET,961,1958.93,30.57,1928.36,0.649,True
2026-03-18,AFIL.BE.NSE,2026-03-18 10:19:59,SHORT,8.79,8.86,8.57,0.819,2.456,3.0,8.86,SL,5688,-409.23,30.12,-439.35,0.674,False
2026-03-18,GEMAROMA.BE.NSE,2026-03-18 10:19:59,LONG,167.19,165.95,170.9,0.74,2.219,3.0,165.95,SL,299,-369.73,29.88,-399.61,0.7012,False
2026-03-18,AFIL.BE.NSE,2026-03-18 10:20:59,SHORT,8.79,8.86,8.59,0.76,2.28,3.0,8.86,SL,5688,-380.0,30.11,-410.11,0.6222,False
2026-03-18,SADBHAV.BE.NSE,2026-03-18 10:21:59,SHORT,8.29,8.35,8.1,0.748,2.243,3.0,8.35,SL,6031,-373.75,30.11,-403.86,0.6403,False
2026-03-18,GOYALALUM.BE.NSE,2026-03-18 10:25:59,LONG,6.01,5.96,6.16,0.838,2.513,3.0,6.16,TARGET,8319,1256.33,30.38,1225.95,0.67,True
2026-03-18,AFIL.BE.NSE,2026-03-18 10:28:59,LONG,8.67,8.62,8.82,0.591,1.772,3.0,8.82,TARGET,5767,886.0,30.27,855.74,0.6132,True
2026-03-18,MCL.BE.NSE,2026-03-18 10:29:59,LONG,62.0,61.61,63.18,0.635,1.905,3.0,63.18,TARGET,806,952.09,30.27,921.83,0.6292,True
2026-03-18,BGRENERGY.BE.NSE,2026-03-18 10:30:59,LONG,301.1,299.48,305.97,0.54,1.619,3.0,299.48,SL,166,-269.67,29.91,-299.58,0.6433,False
2026-03-18,BGRENERGY.BE.NSE,2026-03-18 10:32:59,SHORT,305.85,307.99,299.44,0.699,2.096,3.0,299.44,TARGET,163,1044.97,29.6,1015.37,0.6086,True
2026-03-18,MCL.BE.NSE,2026-03-18 10:32:59,LONG,61.55,61.04,63.08,0.83,2.491,3.0,63.08,TARGET,812,1245.09,30.36,1214.73,0.6067,True
2026-03-18,BGRENERGY.BE.NSE,2026-03-18 10:35:59,LONG,300.0,297.5,307.5,0.833,2.5,3.0,297.5,SL,166,-415.06,29.76,-444.82,0.8057,False
2026-03-18,MCL.BE.NSE,2026-03-18 10:35:59,SHORT,62.98,63.54,61.29,0.893,2.679,3.0,63.54,SL,793,-446.02,30.1,-476.12,0.727,False
2026-03-18,GOYALALUM.BE.NSE,2026-03-18 10:38:59,LONG,6.02,5.96,6.2,1.013,3.038,3.0,6.2,TARGET,8305,1518.92,30.45,1488.46,0.6704,True
2026-03-18,KAVDEFENCE.BE.NSE,2026-03-18 10:38:59,LONG,58.17,57.9,58.97,0.459,1.377,3.0,58.97,TARGET,859,688.2,30.19,658.01,0.6727,True
2026-03-18,GOYALALUM.BE.NSE,2026-03-18 10:39:59,SHORT,6.18,6.25,5.96,1.193,3.58,3.0,6.25,SL,8090,-596.66,30.18,-626.83,0.6429,False
2026-03-18,KAVDEFENCE.BE.NSE,2026-03-18 10:39:59,SHORT,59.1,59.45,58.06,0.588,1.765,3.0,59.45,SL,846,-294.09,30.09,-324.17,0.6304,False
2026-03-18,GOYALALUM.BE.NSE,2026-03-18 10:41:59,LONG,6.02,5.93,6.28,1.422,4.267,3.0,6.28,TARGET,8305,2133.4,30.64,2102.76,0.6699,True
2026-03-18,AFIL.BE.NSE,2026-03-18 10:47:59,SHORT,8.75,8.79,8.64,0.4,1.2,3.0,8.79,SL,5714,-200.01,30.06,-230.07,0.653,False
2026-03-18,MAANALU.BE.NSE,2026-03-18 10:47:59,SHORT,125.9,126.45,124.26,0.434,1.303,3.0,124.26,TARGET,397,651.32,29.79,621.52,0.6027,True
2026-03-18,AFIL.BE.NSE,2026-03-18 10:48:59,SHORT,8.75,8.78,8.65,0.371,1.114,3.0,8.78,SL,5714,-185.73,30.05,-215.78,0.6137,False
2026-03-18,MCL.BE.NSE,2026-03-18 10:48:59,LONG,61.9,61.46,63.23,0.718,2.155,3.0,63.23,TARGET,807,1076.69,30.29,1046.4,0.6627,True
2026-03-18,GOYALALUM.BE.NSE,2026-03-18 10:52:59,SHORT,6.18,6.27,5.92,1.38,4.139,3.0,6.27,SL,8090,-689.74,30.2,-719.94,0.6596,False
2026-03-18,GOYALALUM.BE.NSE,2026-03-18 10:54:59,SHORT,6.25,6.34,5.99,1.387,4.16,3.0,6.34,SL,8000,-693.34,30.21,-723.55,0.6633,False
2026-03-18,ZEEMEDIA.BE.NSE,2026-03-18 10:54:59,SHORT,7.54,7.57,7.45,0.38,1.14,3.0,7.57,SL,6631,-190.0,30.06,-220.06,0.6033,False
2026-03-18,AAKASH.BE.NSE,2026-03-18 10:55:59,SHORT,8.35,8.37,8.29,0.231,0.692,3.0,8.37,SL,5988,-115.41,30.03,-145.44,0.6511,False
2026-03-18,GOYALALUM.BE.NSE,2026-03-18 11:00:59,SHORT,6.25,6.33,6.01,1.288,3.863,3.0,6.33,SL,8000,-643.82,30.19,-674.01,0.6091,False
2026-03-18,AFIL.BE.NSE,2026-03-18 11:02:59,SHORT,8.88,8.95,8.66,0.817,2.452,3.0,8.95,SL,5630,-408.59,30.12,-438.71,0.8073,False
2026-03-18,SADBHAV.BE.NSE,2026-03-18 11:02:59,SHORT,8.3,8.36,8.13,0.693,2.079,3.0,8.36,SL,6024,-346.54,30.1,-376.64,0.6338,False
2026-03-18,SADBHAV.BE.NSE,2026-03-18 11:05:59,LONG,8.18,8.11,8.38,0.823,2.47,3.0,8.38,TARGET,6112,1234.85,30.37,1204.48,0.6158,True
2026-03-18,GOYALALUM.BE.NSE,2026-03-18 11:08:59,LONG,6.07,5.99,6.32,1.379,4.138,3.0,6.32,TARGET,8237,2068.82,30.62,2038.2,0.7631,True
2026-03-18,EMBDL.BE.NSE,2026-03-18 11:12:59,LONG,51.2,50.9,52.1,0.588,1.765,3.0,52.1,TARGET,976,882.11,30.25,851.86,0.8079,True
2026-03-18,MAANALU.BE.NSE,2026-03-18 11:12:59,SHORT,126.52,127.39,123.91,0.689,2.067,3.0,123.91,TARGET,395,1032.88,29.68,1003.21,0.7433,True
2026-03-18,SADBHAV.BE.NSE,2026-03-18 11:12:59,SHORT,8.3,8.37,8.1,0.805,2.414,3.0,8.37,SL,6024,-402.27,30.12,-432.39,0.6156,False
2026-03-18,EMBDL.BE.NSE,2026-03-18 11:13:59,LONG,51.5,51.12,52.64,0.741,2.223,3.0,52.64,TARGET,970,1110.26,30.31,1079.96,0.6666,True
2026-03-18,GOYALALUM.BE.NSE,2026-03-18 11:14:59,SHORT,6.24,6.34,5.95,1.538,4.613,3.0,6.34,SL,8012,-768.79,30.23,-799.02,0.6389,False
2026-03-18,SADBHAV.BE.NSE,2026-03-18 11:15:59,LONG,8.17,8.1,8.38,0.875,2.626,3.0,8.38,TARGET,6119,1312.66,30.39,1282.27,0.6715,True
2026-03-18,GEMAROMA.BE.NSE,2026-03-18 11:17:59,LONG,168.83,168.46,169.95,0.222,0.666,3.0,169.95,TARGET,296,332.62,30.08,302.54,0.6361,True
2026-03-18,MCL.BE.NSE,2026-03-18 11:17:59,LONG,62.0,61.7,62.89,0.477,1.43,3.0,62.89,TARGET,806,714.47,30.2,684.27,0.7677,True
2026-03-18,GEMAROMA.BE.NSE,2026-03-18 11:18:59,LONG,167.5,167.01,168.97,0.293,0.878,3.0,167.01,SL,298,-146.12,29.91,-176.02,0.6011,False
2026-03-18,MAANALU.BE.NSE,2026-03-18 11:18:59,SHORT,126.52,127.33,124.09,0.64,1.919,3.0,124.09,TARGET,395,959.11,29.7,929.41,0.6482,True
2026-03-18,SALSTEEL.BE.NSE,2026-03-18 11:18:59,SHORT,36.99,37.26,36.19,0.719,2.157,3.0,37.26,SL,1351,-359.39,30.09,-389.48,0.7018,False
2026-03-18,MCL.BE.NSE,2026-03-18 11:22:59,LONG,61.9,61.44,63.28,0.743,2.228,3.0,63.28,TARGET,807,1112.99,30.31,1082.69,0.6966,True
2026-03-18,SALSTEEL.BE.NSE,2026-03-18 11:24:59,SHORT,36.99,37.32,36.01,0.883,2.648,3.0,37.32,SL,1351,-441.09,30.12,-471.21,0.6077,False
2026-03-18,EMBDL.BE.NSE,2026-03-18 11:27:59,SHORT,53.0,53.44,51.67,0.838,2.513,3.0,51.67,TARGET,943,1256.1,29.61,1226.49,0.8034,True
2026-03-18,MCL.BE.NSE,2026-03-18 11:28:59,SHORT,62.94,63.35,61.72,0.648,1.944,3.0,63.35,SL,794,-323.79,30.08,-353.87,0.6513,False
2026-03-18,GVPIL.BE.NSE,2026-03-18 11:29:59,LONG,450.0,447.82,456.53,0.484,1.451,3.0,447.82,SL,111,-241.6,29.9,-271.5,0.7018,False
2026-03-18,MCL.BE.NSE,2026-03-18 11:29:59,LONG,61.9,61.41,63.37,0.792,2.375,3.0,63.37,TARGET,807,1186.53,30.33,1156.2,0.6552,True
2026-03-18,GVPIL.BE.NSE,2026-03-18 11:30:59,LONG,450.0,447.98,456.06,0.449,1.347,3.0,447.98,SL,111,-224.34,29.9,-254.25,0.6022,False
2026-03-18,EMBDL.BE.NSE,2026-03-18 11:33:59,LONG,51.9,51.17,54.08,1.398,4.193,3.0,51.17,SL,963,-698.59,29.78,-728.36,0.6211,False
2026-03-18,SADBHAV.BE.NSE,2026-03-18 11:36:59,LONG,7.87,7.82,8.02,0.649,1.947,3.0,8.02,TARGET,6353,973.45,30.29,943.16,0.6546,True
2026-03-18,AAKASH.BE.NSE,2026-03-18 11:37:59,SHORT,8.45,8.49,8.32,0.497,1.492,3.0,8.49,SL,5917,-248.69,30.07,-278.76,0.6057,False
2026-03-18,MCL.BE.NSE,2026-03-18 11:41:59,SHORT,62.99,63.4,61.75,0.659,1.976,3.0,63.4,SL,793,-328.98,30.07,-359.05,0.6525,False
2026-03-18,AFIL.BE.NSE,2026-03-18 11:42:59,LONG,8.66,8.62,8.79,0.518,1.554,3.0,8.79,TARGET,5773,777.1,30.23,746.87,0.6641,True
2026-03-18,GVPIL.BE.NSE,2026-03-18 11:42:59,SHORT,455.9,458.47,448.19,0.564,1.691,3.0,448.19,TARGET,109,840.5,29.56,810.94,0.6901,True
2026-03-18,AFIL.BE.NSE,2026-03-18 11:45:59,LONG,8.6,8.55,8.75,0.582,1.745,3.0,8.75,TARGET,5813,872.45,30.26,842.19,0.6421,True
2026-03-18,SADBHAV.BE.NSE,2026-03-18 11:48:59,SHORT,8.19,8.26,7.99,0.823,2.468,3.0,8.26,SL,6105,-411.26,30.12,-441.38,0.7896,False
2026-03-18,SALSTEEL.BE.NSE,2026-03-18 11:49:59,SHORT,37.0,37.25,36.25,0.674,2.022,3.0,37.25,SL,1351,-336.86,30.09,-366.95,0.6088,False
2026-03-18,AAKASH.BE.NSE,2026-03-18 11:50:59,LONG,8.3,8.25,8.44,0.559,1.676,3.0,8.44,TARGET,6024,838.17,30.25,807.92,0.7085,True
2026-03-18,AAKASH.BE.NSE,2026-03-18 11:52:59,SHORT,8.45,8.51,8.27,0.7,2.1,3.0,8.51,SL,5917,-349.92,30.1,-380.02,0.6614,False
2026-03-18,SADBHAV.BE.NSE,2026-03-18 11:53:59,SHORT,8.31,8.38,8.1,0.853,2.558,3.0,8.38,SL,6016,-426.32,30.12,-456.45,0.6011,False
2026-03-18,AFIL.BE.NSE,2026-03-18 11:54:59,LONG,8.6,8.54,8.78,0.684,2.051,3.0,8.78,TARGET,5813,1025.14,30.3,994.84,0.6492,True
2026-03-18,AAKASH.BE.NSE,2026-03-18 11:55:59,SHORT,8.5,8.56,8.33,0.663,1.989,3.0,8.56,SL,5882,-331.44,30.1,-361.54,0.6368,False
2026-03-18,AFIL.BE.NSE,2026-03-18 11:56:59,LONG,8.6,8.53,8.81,0.83,2.489,3.0,8.81,TARGET,5813,1244.27,30.37,1213.9,0.6001,True
2026-03-18,AAKASH.BE.NSE,2026-03-18 11:59:59,SHORT,8.55,8.6,8.4,0.589,1.766,3.0,8.6,SL,5847,-294.25,30.08,-324.34,0.6149,False
2026-03-18,GOYALALUM.BE.NSE,2026-03-18 12:01:59,LONG,6.1,6.05,6.26,0.848,2.544,3.0,6.26,TARGET,8196,1271.66,30.38,1241.28,0.7882,True
2026-03-18,GOYALALUM.BE.NSE,2026-03-18 12:06:59,LONG,6.1,6.05,6.24,0.787,2.362,3.0,6.24,TARGET,8196,1180.83,30.35,1150.47,0.6532,True
2026-03-18,SADBHAV.BE.NSE,2026-03-18 12:06:59,LONG,8.0,7.91,8.27,1.123,3.368,3.0,8.27,TARGET,6250,1683.85,30.51,1653.34,0.7209,True
2026-03-18,BGRENERGY.BE.NSE,2026-03-18 12:07:59,LONG,304.1,303.11,307.07,0.325,0.975,3.0,303.11,SL,164,-162.11,29.87,-191.98,0.6143,False
2026-03-18,SADBHAV.BE.NSE,2026-03-18 12:07:59,LONG,8.0,7.92,8.25,1.042,3.127,3.0,8.25,TARGET,6250,1563.57,30.47,1533.11,0.6823,True
2026-03-18,AAKASH.BE.NSE,2026-03-18 12:08:59,SHORT,8.55,8.62,8.33,0.842,2.525,3.0,8.62,SL,5847,-420.81,30.12,-450.93,0.6148,False
2026-03-18,GEMAROMA.BE.NSE,2026-03-18 12:12:59,LONG,166.6,165.54,169.77,0.633,1.9,3.0,169.77,TARGET,300,949.84,30.27,919.57,0.6712,True
2026-03-18,AFIL.BE.NSE,2026-03-18 12:13:59,LONG,8.6,8.54,8.79,0.728,2.184,3.0,8.79,TARGET,5813,1091.59,30.32,1061.27,0.6119,True
2026-03-18,SADBHAV.BE.NSE,2026-03-18 12:14:59,SHORT,8.25,8.34,7.97,1.133,3.399,3.0,8.34,SL,6060,-566.47,30.17,-596.63,0.8414,False
2026-03-18,AAKASH.BE.NSE,2026-03-18 12:15:59,LONG,8.4,8.33,8.62,0.876,2.627,3.0,8.62,TARGET,5952,1313.25,30.39,1282.86,0.6369,True
2026-03-18,SADBHAV.BE.NSE,2026-03-18 12:21:59,SHORT,8.24,8.33,7.98,1.066,3.199,3.0,8.33,SL,6067,-533.11,30.16,-563.27,0.7711,False
2026-03-18,GEMAROMA.BE.NSE,2026-03-18 12:31:59,SHORT,169.58,170.55,166.67,0.571,1.714,3.0,166.67,TARGET,294,854.42,29.66,824.77,0.6367,True
2026-03-18,SADBHAV.BE.NSE,2026-03-18 12:33:59,SHORT,8.34,8.43,8.06,1.107,3.32,3.0,8.43,SL,5995,-553.39,30.16,-583.56,0.6289,False
2026-03-18,GOYALALUM.BE.NSE,2026-03-18 12:36:59,LONG,6.13,6.08,6.28,0.805,2.414,3.0,6.28,TARGET,8156,1206.95,30.36,1176.59,0.6541,True
2026-03-18,GOYALALUM.BE.NSE,2026-03-18 12:37:59,LONG,6.13,6.08,6.27,0.747,2.242,3.0,6.27,TARGET,8156,1120.74,30.33,1090.4,0.6781,True
2026-03-18,SCHNEIDER.BE.NSE,2026-03-18 12:40:59,LONG,896.3,893.33,905.2,0.331,0.993,3.0,893.33,SL,55,-163.11,29.53,-192.64,0.6483,False
2026-03-18,AAKASH.BE.NSE,2026-03-18 12:42:59,LONG,8.4,8.32,8.64,0.952,2.856,3.0,8.64,TARGET,5952,1428.14,30.43,1397.72,0.6125,True
2026-03-18,AAKASH.BE.NSE,2026-03-18 12:43:59,LONG,8.4,8.31,8.67,1.063,3.188,3.0,8.67,TARGET,5952,1593.97,30.48,1563.5,0.7666,True
2026-03-18,AFIL.BE.NSE,2026-03-18 12:43:59,LONG,8.6,8.53,8.81,0.829,2.488,3.0,8.81,TARGET,5813,1243.64,30.37,1213.27,0.6146,True
2026-03-18,TVSSCS.BE.NSE,2026-03-18 12:43:59,LONG,103.26,102.72,104.88,0.522,1.566,3.0,102.72,SL,484,-260.91,29.91,-290.82,0.7153,False
2026-03-18,AFIL.BE.NSE,2026-03-18 12:44:59,LONG,8.6,8.53,8.8,0.77,2.31,3.0,8.8,TARGET,5813,1154.81,30.34,1124.46,0.6164,True
2026-03-18,AFIL.BE.NSE,2026-03-18 12:45:59,LONG,8.51,8.44,8.72,0.836,2.508,3.0,8.72,TARGET,5875,1253.71,30.37,1223.34,0.6668,True
2026-03-18,KAVDEFENCE.BE.NSE,2026-03-18 12:47:59,LONG,58.52,58.37,58.97,0.256,0.767,3.0,58.97,TARGET,854,383.21,30.1,353.11,0.7408,True
2026-03-18,KAVDEFENCE.BE.NSE,2026-03-18 12:48:59,LONG,58.32,58.16,58.8,0.275,0.825,3.0,58.8,TARGET,857,412.18,30.11,382.07,0.6601,True
2026-03-18,AAKASH.BE.NSE,2026-03-18 12:50:59,SHORT,8.54,8.62,8.31,0.916,2.747,3.0,8.62,SL,5854,-457.81,30.13,-487.95,0.6382,False
2026-03-18,GOYALALUM.BE.NSE,2026-03-18 12:51:59,LONG,6.1,6.05,6.26,0.882,2.645,3.0,6.26,TARGET,8196,1322.45,30.39,1292.05,0.676,True
2026-03-18,AAKASH.BE.NSE,2026-03-18 12:54:59,SHORT,8.54,8.6,8.35,0.757,2.272,3.0,8.6,SL,5854,-378.65,30.11,-408.76,0.6496,False
2026-03-18,BGRENERGY.BE.NSE,2026-03-18 12:56:59,LONG,305.0,304.14,307.59,0.283,0.85,3.0,304.14,SL,163,-140.88,29.79,-170.66,0.6615,False
2026-03-18,GEMAROMA.BE.NSE,2026-03-18 12:56:59,LONG,167.55,166.61,170.37,0.562,1.685,3.0,170.37,TARGET,298,841.23,30.21,811.02,0.6109,True
2026-03-18,BESTAGRO.BE.NSE,2026-03-18 12:57:59,LONG,14.51,14.49,14.58,0.165,0.494,3.0,14.58,TARGET,3445,246.82,30.07,216.76,0.7032,True
2026-03-18,GEMAROMA.BE.NSE,2026-03-18 12:57:59,LONG,167.01,166.08,169.8,0.558,1.673,3.0,166.08,SL,299,-278.55,29.88,-308.43,0.6159,False
2026-03-18,AAKASH.BE.NSE,2026-03-18 12:58:59,LONG,8.4,8.32,8.63,0.906,2.719,3.0,8.63,TARGET,5952,1359.43,30.41,1329.03,0.6047,True
2026-03-18,GEMAROMA.BE.NSE,2026-03-18 13:01:59,SHORT,170.55,171.73,167.01,0.693,2.078,3.0,171.73,SL,293,-346.07,30.09,-376.15,0.6788,False
2026-03-18,AAKASH.BE.NSE,2026-03-18 13:02:59,LONG,8.41,8.31,8.7,1.136,3.409,3.0,8.7,TARGET,5945,1704.47,30.51,1673.96,0.6285,True
2026-03-18,HARDWYN.BE.NSE,2026-03-18 13:06:59,LONG,17.3,17.14,17.78,0.916,2.748,3.0,17.78,TARGET,2890,1373.91,30.41,1343.49,0.8802,True
2026-03-18,GEMAROMA.BE.NSE,2026-03-18 13:07:59,LONG,167.25,165.8,171.6,0.867,2.601,3.0,171.6,TARGET,298,1296.58,30.29,1266.29,0.6133,True
2026-03-18,AAKASH.BE.NSE,2026-03-18 13:09:59,SHORT,8.55,8.64,8.28,1.046,3.138,3.0,8.64,SL,5847,-522.93,30.15,-553.08,0.658,False
2026-03-18,KAVDEFENCE.BE.NSE,2026-03-18 13:09:59,LONG,58.4,58.1,59.31,0.522,1.566,3.0,58.1,SL,856,-260.91,29.92,-290.82,0.8059,False
2026-03-18,KAVDEFENCE.BE.NSE,2026-03-18 13:10:59,LONG,58.36,58.07,59.22,0.492,1.477,3.0,59.22,TARGET,856,737.81,30.2,707.62,0.7217,True
2026-03-18,AFIL.BE.NSE,2026-03-18 13:15:59,LONG,8.52,8.46,8.69,0.684,2.051,3.0,8.69,TARGET,5868,1025.49,30.3,995.19,0.6289,True
2026-03-18,KAVDEFENCE.BE.NSE,2026-03-18 13:15:59,LONG,58.55,58.1,59.91,0.776,2.328,3.0,58.1,SL,853,-387.53,29.85,-417.38,0.7208,False
2026-03-18,AAKASH.BE.NSE,2026-03-18 13:16:59,SHORT,8.9,9.03,8.52,1.426,4.279,3.0,9.03,SL,5617,-713.02,30.21,-743.23,0.8006,False
2026-03-18,KAVDEFENCE.BE.NSE,2026-03-18 13:16:59,LONG,58.56,58.14,59.83,0.722,2.167,3.0,59.83,TARGET,853,1082.28,30.3,1051.98,0.6782,True
2026-03-18,SALSTEEL.BE.NSE,2026-03-18 13:16:59,SHORT,37.0,37.14,36.59,0.369,1.108,3.0,37.14,SL,1351,-184.56,30.05,-214.61,0.6031,False
2026-03-18,AAKASH.BE.NSE,2026-03-18 13:17:59,SHORT,9.0,9.13,8.61,1.429,4.286,3.0,8.61,TARGET,5555,2142.91,29.35,2113.55,0.6274,True
2026-03-18,AFIL.BE.NSE,2026-03-18 13:18:59,SHORT,8.68,8.75,8.48,0.775,2.326,3.0,8.75,SL,5760,-387.62,30.11,-417.73,0.6032,False
2026-03-18,AFIL.BE.NSE,2026-03-18 13:20:59,LONG,8.53,8.46,8.75,0.869,2.606,3.0,8.75,TARGET,5861,1302.83,30.39,1272.45,0.6676,True
2026-03-18,MCL.BE.NSE,2026-03-18 13:21:59,LONG,62.1,61.68,63.36,0.675,2.026,3.0,63.36,TARGET,805,1012.82,30.3,982.52,0.8238,True
2026-03-18,AFIL.BE.NSE,2026-03-18 13:22:59,SHORT,8.68,8.76,8.43,0.978,2.933,3.0,8.76,SL,5760,-488.88,30.14,-519.02,0.6049,False
2026-03-18,HARDWYN.BE.NSE,2026-03-18 13:24:59,LONG,17.49,17.33,17.96,0.905,2.715,3.0,17.96,TARGET,2858,1356.9,30.4,1326.5,0.7219,True
2026-03-18,KAVDEFENCE.BE.NSE,2026-03-18 13:24:59,LONG,58.61,58.21,59.8,0.679,2.038,3.0,58.21,SL,853,-339.56,29.89,-369.46,0.6736,False
2026-03-18,MCL.BE.NSE,2026-03-18 13:24:59,LONG,62.1,61.71,63.27,0.627,1.881,3.0,63.27,TARGET,805,940.48,30.28,910.2,0.6382,True
2026-03-18,AFIL.BE.NSE,2026-03-18 13:25:59,LONG,8.53,8.44,8.79,1.033,3.099,3.0,8.79,TARGET,5861,1549.18,30.46,1518.72,0.6296,True
2026-03-18,MCL.BE.NSE,2026-03-18 13:25:59,SHORT,63.4,63.9,61.9,0.79,2.37,3.0,63.9,SL,788,-394.71,30.09,-424.8,0.6064,False
2026-03-18,AFIL.BE.NSE,2026-03-18 13:26:59,LONG,8.53,8.45,8.78,0.959,2.877,3.0,8.78,TARGET,5861,1438.52,30.43,1408.09,0.6335,True
2026-03-18,MAANALU.BE.NSE,2026-03-18 13:27:59,SHORT,127.65,128.66,124.61,0.795,2.385,3.0,124.61,TARGET,391,1190.53,29.59,1160.94,0.6461,True
2026-03-18,AFIL.BE.NSE,2026-03-18 13:30:59,SHORT,8.67,8.75,8.43,0.929,2.786,3.0,8.75,SL,5767,-464.27,30.14,-494.41,0.7174,False
2026-03-18,KAVDEFENCE.BE.NSE,2026-03-18 13:31:59,LONG,58.45,57.89,60.13,0.961,2.882,3.0,57.89,SL,855,-480.02,29.84,-509.86,0.6914,False
2026-03-18,SALSTEEL.BE.NSE,2026-03-18 13:32:59,SHORT,37.0,37.17,36.5,0.447,1.34,3.0,37.17,SL,1351,-223.25,30.06,-253.31,0.6442,False
2026-03-18,AFIL.BE.NSE,2026-03-18 13:33:59,LONG,8.5,8.41,8.78,1.094,3.281,3.0,8.78,TARGET,5882,1640.52,30.49,1610.03,0.6918,True
2026-03-18,SADBHAV.BE.NSE,2026-03-18 13:33:59,LONG,8.1,8.02,8.34,0.968,2.903,3.0,8.34,TARGET,6172,1451.39,30.43,1420.96,0.6732,True
2026-03-18,AFIL.BE.NSE,2026-03-18 13:34:59,LONG,8.5,8.41,8.76,1.016,3.047,3.0,8.76,TARGET,5882,1523.34,30.46,1492.88,0.686,True
2026-03-18,SADBHAV.BE.NSE,2026-03-18 13:34:59,LONG,8.1,8.03,8.32,0.899,2.696,3.0,8.32,TARGET,6172,1347.72,30.4,1317.32,0.6716,True
2026-03-18,KAVDEFENCE.BE.NSE,2026-03-18 13:35:59,LONG,58.5,57.97,60.08,0.9,2.701,3.0,60.08,TARGET,854,1349.37,30.38,1318.99,0.6488,True
2026-03-18,SADBHAV.BE.NSE,2026-03-18 13:35:59,LONG,8.1,8.03,8.3,0.834,2.503,3.0,8.3,TARGET,6172,1251.45,30.37,1221.08,0.615,True
2026-03-18,KAVDEFENCE.BE.NSE,2026-03-18 13:36:59,LONG,58.53,58.04,60.01,0.841,2.523,3.0,58.04,SL,854,-420.41,29.86,-450.27,0.6037,False
2026-03-18,SALSTEEL.BE.NSE,2026-03-18 13:38:59,LONG,36.5,36.29,37.12,0.567,1.701,3.0,37.12,TARGET,1369,850.21,30.24,819.98,0.6338,True
2026-03-18,KAVDEFENCE.BE.NSE,2026-03-18 13:39:59,SHORT,59.7,60.25,58.05,0.921,2.763,3.0,60.25,SL,837,-460.2,30.12,-490.32,0.6498,False
2026-03-18,KAVDEFENCE.BE.NSE,2026-03-18 13:41:59,LONG,58.0,57.31,60.08,1.194,3.583,3.0,60.08,TARGET,862,1791.3,30.53,1760.77,0.6932,True
2026-03-18,MCL.BE.NSE,2026-03-18 13:41:59,LONG,62.11,61.68,63.4,0.69,2.069,3.0,63.4,TARGET,805,1034.52,30.31,1004.21,0.6595,True
2026-03-18,AFIL.BE.NSE,2026-03-18 13:42:59,SHORT,8.67,8.78,8.35,1.249,3.747,3.0,8.78,SL,5767,-624.55,30.19,-654.74,0.6006,False
2026-03-18,KAVDEFENCE.BE.NSE,2026-03-18 13:45:59,SHORT,59.7,60.53,57.22,1.383,4.148,3.0,60.53,SL,837,-690.82,30.19,-721.01,0.6231,False
2026-03-18,RELINFRA.BE.NSE,2026-03-18 13:45:59,LONG,80.0,79.62,81.14,0.474,1.421,3.0,81.14,TARGET,625,710.55,30.21,680.34,0.7173,True
2026-03-18,MCL.BE.NSE,2026-03-18 13:47:59,LONG,62.11,61.52,63.87,0.945,2.834,3.0,63.87,TARGET,805,1416.76,30.42,1386.34,0.7098,True
2026-03-18,SALSTEEL.BE.NSE,2026-03-18 13:47:59,SHORT,36.99,37.22,36.3,0.624,1.873,3.0,37.22,SL,1351,-311.98,30.08,-342.05,0.6259,False
2026-03-18,MCL.BE.NSE,2026-03-18 13:48:59,LONG,62.2,61.65,63.86,0.891,2.674,3.0,63.86,TARGET,803,1335.53,30.37,1305.16,0.6476,True
2026-03-18,MCL.BE.NSE,2026-03-18 13:51:59,SHORT,63.45,64.06,61.62,0.961,2.883,3.0,64.06,SL,788,-480.41,30.14,-510.55,0.6542,False
2026-03-18,GOYALALUM.BE.NSE,2026-03-18 13:52:59,LONG,6.1,6.05,6.26,0.892,2.675,3.0,6.26,TARGET,8196,1337.16,30.4,1306.77,0.734,True
2026-03-18,HARDWYN.BE.NSE,2026-03-18 13:52:59,LONG,17.53,17.36,18.05,0.997,2.991,3.0,18.05,TARGET,2852,1495.18,30.45,1464.74,0.7161,True
2026-03-18,MCL.BE.NSE,2026-03-18 13:53:59,SHORT,63.45,64.02,61.75,0.892,2.677,3.0,64.02,SL,788,-446.09,30.13,-476.22,0.6245,False
2026-03-18,BESTAGRO.BE.NSE,2026-03-18 13:57:59,SHORT,14.86,14.94,14.62,0.534,1.603,3.0,14.94,SL,3364,-267.15,30.07,-297.23,0.6231,False
2026-03-18,AAKASH.BE.NSE,2026-03-18 13:59:59,LONG,8.42,8.25,8.92,1.98,5.939,3.0,8.92,TARGET,5938,2969.14,30.89,2938.25,0.7802,True
2026-03-18,EMBDL.BE.NSE,2026-03-18 13:59:59,LONG,52.0,51.84,52.49,0.317,0.952,3.0,52.49,TARGET,961,475.5,30.13,445.38,0.6455,True
2026-03-18,GEMAROMA.BE.NSE,2026-03-18 13:59:59,SHORT,168.9,169.71,166.48,0.477,1.431,3.0,169.71,SL,296,-238.52,30.07,-268.59,0.6202,False
2026-03-18,AAKASH.BE.NSE,2026-03-18 14:00:59,LONG,8.48,8.26,9.13,2.558,7.674,3.0,9.13,TARGET,5896,3836.74,31.15,3805.59,0.7867,True
2026-03-18,SALSTEEL.BE.NSE,2026-03-18 14:00:59,SHORT,37.45,37.77,36.49,0.856,2.567,3.0,37.77,SL,1335,-427.83,30.13,-457.95,0.6119,False
2026-03-18,AAKASH.BE.NSE,2026-03-18 14:02:59,LONG,8.51,8.22,9.38,3.398,10.195,3.0,9.38,TARGET,5875,5097.14,31.53,5065.62,0.8719,True
2026-03-18,SCHNEIDER.BE.NSE,2026-03-18 14:04:59,LONG,896.1,892.43,907.1,0.409,1.227,3.0,892.43,SL,55,-201.61,29.51,-231.12,0.6003,False
2026-03-18,BGRENERGY.BE.NSE,2026-03-18 14:05:59,LONG,314.5,313.73,316.82,0.246,0.738,3.0,313.73,SL,158,-122.22,29.78,-152.0,0.6122,False
2026-03-18,AAKASH.BE.NSE,2026-03-18 14:07:59,LONG,8.56,8.24,9.52,3.738,11.214,3.0,9.52,TARGET,5841,5606.83,31.68,5575.15,0.823,True
2026-03-18,MCL.BE.NSE,2026-03-18 14:07:59,LONG,62.21,61.68,63.79,0.845,2.535,3.0,63.79,TARGET,803,1266.33,30.35,1235.97,0.6452,True
2026-03-18,AAKASH.BE.NSE,2026-03-18 14:08:59,LONG,8.56,8.26,9.45,3.471,10.413,3.0,9.45,TARGET,5841,5206.34,31.56,5174.78,0.799,True
2026-03-18,HARDWYN.BE.NSE,2026-03-18 14:09:59,LONG,17.7,17.52,18.23,1.007,3.021,3.0,18.23,TARGET,2824,1509.99,30.44,1479.55,0.7143,True
2026-03-18,MCL.BE.NSE,2026-03-18 14:09:59,LONG,62.22,61.73,63.69,0.786,2.359,3.0,63.69,TARGET,803,1178.46,30.33,1148.12,0.6349,True
2026-03-18,GEMAROMA.BE.NSE,2026-03-18 14:10:59,LONG,168.1,166.91,171.66,0.705,2.116,3.0,166.91,SL,297,-352.15,29.85,-382.0,0.6101,False
2026-03-18,SCHNEIDER.BE.NSE,2026-03-18 14:10:59,LONG,895.0,889.2,912.4,0.648,1.944,3.0,889.2,SL,55,-319.01,29.44,-348.45,0.6429,False
2026-03-18,AAKASH.BE.NSE,2026-03-18 14:11:59,LONG,8.6,8.32,9.44,3.258,9.774,3.0,9.44,TARGET,5813,4886.02,31.46,4854.56,0.6679,True
2026-03-18,MCL.BE.NSE,2026-03-18 14:11:59,LONG,62.23,61.77,63.6,0.732,2.195,3.0,63.6,TARGET,803,1096.86,30.31,1066.55,0.6319,True
2026-03-18,AFIL.BE.NSE,2026-03-18 14:12:59,LONG,8.56,8.49,8.78,0.859,2.576,3.0,8.78,TARGET,5841,1287.81,30.39,1257.42,0.6653,True
2026-03-18,RELINFRA.BE.NSE,2026-03-18 14:13:59,LONG,80.42,80.0,81.68,0.521,1.563,3.0,80.0,SL,621,-260.15,29.89,-290.03,0.788,False
2026-03-18,MCL.BE.NSE,2026-03-18 14:14:59,SHORT,63.4,63.95,61.76,0.865,2.594,3.0,63.95,SL,788,-431.94,30.11,-462.05,0.6009,False
2026-03-18,RELINFRA.BE.NSE,2026-03-18 14:14:59,LONG,80.42,80.0,81.69,0.528,1.583,3.0,81.69,TARGET,621,790.56,30.2,760.36,0.6137,True
2026-03-18,GOYALALUM.BE.NSE,2026-03-18 14:22:59,LONG,6.15,6.09,6.33,0.954,2.861,3.0,6.33,TARGET,8130,1430.53,30.43,1400.1,0.6057,True
2026-03-18,MCL.BE.NSE,2026-03-18 14:28:59,LONG,62.22,61.74,63.65,0.767,2.302,3.0,63.65,TARGET,803,1150.09,30.32,1119.77,0.6731,True
2026-03-18,MCL.BE.NSE,2026-03-18 14:29:59,LONG,62.22,61.78,63.55,0.712,2.137,3.0,63.55,TARGET,803,1067.94,30.3,1037.64,0.6921,True
2026-03-18,MCL.BE.NSE,2026-03-18 14:32:59,LONG,62.22,61.81,63.45,0.662,1.985,3.0,63.45,TARGET,803,991.66,30.28,961.38,0.6571,True
2026-03-18,MAANALU.BE.NSE,2026-03-18 14:35:59,SHORT,129.59,131.28,124.52,1.304,3.912,3.0,124.52,TARGET,385,1951.7,29.35,1922.35,0.6102,True
2026-03-18,MCL.BE.NSE,2026-03-18 14:40:59,LONG,62.45,61.97,63.9,0.774,2.322,3.0,63.9,TARGET,800,1159.83,30.32,1129.5,0.7123,True
2026-03-18,MCL.BE.NSE,2026-03-18 14:41:59,LONG,62.25,61.78,63.66,0.755,2.266,3.0,63.66,TARGET,803,1132.64,30.33,1102.31,0.662,True
2026-03-18,HARDWYN.BE.NSE,2026-03-18 14:42:59,LONG,17.75,17.57,18.3,1.032,3.095,3.0,18.3,TARGET,2816,1546.99,30.45,1516.53,0.7671,True
2026-03-18,MCL.BE.NSE,2026-03-18 14:42:59,LONG,62.27,61.83,63.59,0.705,2.114,3.0,63.59,TARGET,802,1055.59,30.28,1025.31,0.698,True
2026-03-18,SADBHAV.BE.NSE,2026-03-18 14:42:59,LONG,8.09,8.03,8.27,0.728,2.183,3.0,8.27,TARGET,6180,1091.59,30.33,1061.27,0.7574,True
2026-03-18,AFIL.BE.NSE,2026-03-18 14:43:59,LONG,8.58,8.54,8.69,0.42,1.26,3.0,8.69,TARGET,5827,629.77,30.19,599.58,0.6153,True
2026-03-18,GVPIL.BE.NSE,2026-03-18 14:43:59,LONG,448.3,447.9,449.51,0.09,0.27,3.0,447.9,SL,111,-44.82,29.84,-74.67,0.6166,False
2026-03-18,MCL.BE.NSE,2026-03-18 14:48:59,SHORT,63.37,63.86,61.89,0.779,2.338,3.0,63.86,SL,789,-389.59,30.12,-419.71,0.6091,False
2026-03-18,BESTAGRO.BE.NSE,2026-03-18 14:49:59,LONG,14.63,14.56,14.85,0.501,1.504,3.0,14.85,TARGET,3417,751.81,30.22,721.59,0.7154,True
2026-03-18,SADBHAV.BE.NSE,2026-03-18 14:49:59,LONG,8.11,8.04,8.33,0.899,2.698,3.0,8.33,TARGET,6165,1348.87,30.4,1318.47,0.7836,True
2026-03-18,SADBHAV.BE.NSE,2026-03-18 14:51:59,LONG,8.11,8.04,8.31,0.835,2.505,3.0,8.31,TARGET,6165,1252.52,30.37,1222.15,0.667,True
2026-03-18,MANAKALUCO.BE.NSE,2026-03-18 14:52:59,LONG,25.32,25.27,25.48,0.207,0.622,3.0,25.48,TARGET,1974,311.07,30.08,280.98,0.6712,True
2026-03-18,SADBHAV.BE.NSE,2026-03-18 14:53:59,LONG,8.1,8.02,8.35,1.04,3.121,3.0,8.35,TARGET,6172,1560.17,30.46,1529.7,0.7327,True
2026-03-18,MCL.BE.NSE,2026-03-18 14:54:59,LONG,62.27,61.79,63.72,0.774,2.322,3.0,63.72,TARGET,802,1159.46,30.31,1129.15,0.7678,True
2026-03-18,SADBHAV.BE.NSE,2026-03-18 14:54:59,LONG,8.05,7.97,8.3,1.038,3.115,3.0,8.3,TARGET,6211,1557.7,30.47,1527.23,0.6553,True
2026-03-18,GOYALALUM.BE.NSE,2026-03-18 14:55:59,LONG,6.13,6.08,6.28,0.827,2.481,3.0,6.28,TARGET,8156,1240.16,30.37,1209.79,0.7837,True
2026-03-18,MCL.BE.NSE,2026-03-18 14:55:59,LONG,62.3,61.85,63.65,0.723,2.17,3.0,63.65,TARGET,802,1084.38,30.3,1054.07,0.7014,True
2026-03-18,SADBHAV.BE.NSE,2026-03-18 14:55:59,LONG,8.02,7.94,8.26,1.008,3.024,3.0,8.26,TARGET,6234,1511.91,30.45,1481.45,0.6362,True
2026-03-18,RELINFRA.BE.NSE,2026-03-18 14:59:59,LONG,79.4,79.14,80.17,0.324,0.971,3.0,79.14,SL,629,-161.57,29.92,-191.49,0.6285,False
2026-03-18,MCL.BE.NSE,2026-03-18 15:02:59,LONG,62.25,61.67,63.99,0.931,2.794,3.0,63.99,TARGET,803,1396.51,30.41,1366.09,0.6662,True
2026-03-18,RELINFRA.BE.NSE,2026-03-18 15:03:59,LONG,79.1,78.75,80.16,0.448,1.343,3.0,78.75,SL,632,-223.84,29.93,-253.76,0.6569,False
2026-03-18,SALSTEEL.BE.NSE,2026-03-18 15:05:59,LONG,37.05,36.75,37.96,0.816,2.447,3.0,37.96,TARGET,1349,1222.81,30.36,1192.46,0.7021,True
2026-03-18,AFIL.BE.NSE,2026-03-18 15:10:59,LONG,8.5,8.47,8.59,0.367,1.102,3.0,8.59,TARGET,5882,550.84,30.16,520.68,0.8191,True
2026-03-18,HARDWYN.BE.NSE,2026-03-18 15:10:59,LONG,17.76,17.62,18.19,0.806,2.419,3.0,18.19,TARGET,2815,1209.39,30.36,1179.03,0.6237,True
2026-03-18,AFIL.BE.NSE,2026-03-18 15:11:59,SHORT,8.88,8.95,8.67,0.785,2.355,3.0,8.95,SL,5630,-392.41,30.11,-422.53,0.8377,False
2026-03-18,BGRENERGY.BE.NSE,2026-03-18 15:11:59,LONG,311.95,310.32,316.83,0.521,1.563,3.0,310.32,SL,160,-260.06,29.87,-289.93,0.603,False
2026-03-18,HARDWYN.BE.NSE,2026-03-18 15:11:59,LONG,17.76,17.6,18.23,0.881,2.644,3.0,18.23,TARGET,2815,1322.07,30.39,1291.68,0.6058,True
2026-03-18,MCL.BE.NSE,2026-03-18 15:11:59,LONG,62.25,61.68,63.97,0.922,2.767,3.0,63.97,TARGET,803,1383.01,30.41,1352.6,0.6178,True
2026-03-18,EMBDL.BE.NSE,2026-03-18 15:14:59,LONG,50.96,50.79,51.46,0.33,0.99,3.0,51.46,TARGET,981,495.09,30.14,464.94,0.6024,True
2026-03-18,BGRENERGY.BE.NSE,2026-03-18 15:15:59,LONG,310.05,308.61,314.37,0.464,1.393,3.0,308.61,SL,161,-231.79,29.88,-261.67,0.7307,False
2026-03-18,BGRENERGY.BE.NSE,2026-03-18 15:17:59,LONG,310.0,308.46,314.61,0.495,1.486,3.0,308.46,SL,161,-247.15,29.87,-277.02,0.6311,False
2026-03-18,BGRENERGY.BE.NSE,2026-03-18 15:18:59,LONG,310.0,308.57,314.28,0.46,1.379,3.0,308.57,SL,161,-229.49,29.88,-259.37,0.6389,False
2026-03-18,MCL.BE.NSE,2026-03-18 15:18:59,LONG,62.25,61.53,64.42,1.16,3.481,3.0,64.42,TARGET,803,1740.05,30.51,1709.53,0.6467,True
